0.4683145341088413,0.741087632111817,0.8418779804517428,0.03636695895798836,0.43225693401943066,0.4173560647996807,0.4317272919979386,0.7832704265045881,0.8203264016954486,0.394233525815905,0.9605466741863009,0.5843530785308494,0.5558807494967253,0.1714700140293871,0.6332731176899897,0.9543400752378223,0.8595536485133842,0.5195121260893603,0.2661906278449244,0.5133236834547728,0.32879023317047806,0.0595606810772038,0.018834602658202027,0.5377712289380959,0.5760490837290885,0.8381761795553409,0.846959406278408,0.26693424840991486,0.690484506698622,0.36423318742348865,1.0
0.5154708991891787,0.6221116009657458,0.8640089884812897,0.5547800606933433,0.2874808364005499,0.42523072323734634,0.04205890971153747,0.1162816205105357,0.07035045183491762,0.8895351349317109,0.9218140275367356,0.19541323258534093,0.45410062452160915,0.09406181136049152,0.2218071034333754,0.015732654458669892,0.4933474977717577,0.7220691419366482,0.5673098293543303,0.18854279841449284,0.9857577051902183,0.6287752082868828,0.43057566093539357,0.41694244902133104,0.4721539269797719,0.05979124176809669,0.44382121955422327,0.15785443577145009,0.2425894654982984,0.7027434612121845,1.0
0.1653752995137252,0.08553154425075327,0.6171389503775704,0.8083338752281366,0.5717169377824989,0.23693595435697723,0.08221831873869745,0.15893421055249102,0.01208256080693959,0.813700427679404,0.3840526917422862,0.7304576741035769,0.7325554141828875,0.981292055228696,0.6607808025218566,0.9027923175861131,0.7454607295385552,0.7183616969498474,0.9717219579252955,0.2771419546593106,0.891482327487192,0.7532130340593046,0.0446207733215126,0.32890725498190954,0.6390675870995378,0.4123226312793219,0.26550649147290195,0.8772380802070104,0.3123948229129081,0.9914021287844293,0.0
0.23039056623955567,0.983116174569849,0.4287228313504018,0.5058376552899068,0.9534485686134008,0.8300454543320692,0.43925807780394976,0.8640107666491026,0.759091853497373,0.12095147463965206,0.1498230614298287,0.3353738161261025,0.5455733977589604,0.18010953469336055,0.42276787467060906,0.2711341798349939,0.45658266069199327,0.9708786117972185,0.1212701615013978,0.3175250681113273,0.6968885138632145,0.2578181271815624,0.4051050981691211,0.6177158914686435,0.8995573835286645,0.3459069022420147,0.6915149266822128,0.32830670971296616,0.02688681043798613,0.10480010788184058,0.0
0.5323603240012407,0.6304710456455256,0.13030868353114666,0.11472629050395733,0.8521528018707175,0.9170679772159763,0.8480934215088302,0.34399207991696823,0.7208012496410094,0.42565692265736854,0.40683781797477325,0.12727058501684863,0.17970880899112862,0.6636661166865815,0.18139904424291142,0.14247501083744563,0.0010152322975288675,0.26697054791063146,0.7239364168946838,0.6509321328517814,0.44276451594337196,0.7781239261627361,0.7409737566589552,0.9692456949744795,0.4259686313041856,0.5263916212459638,0.12814945256599986,0.41376767318140706,0.16639778585199938,0.5749444470749548,1.0
0.9524692899515806,0.2744047628322397,0.2195734155081901,0.6500822616023736,0.9245226593070236,0.07660137640119491,0.5272078842613658,0.25380945848594394,0.13240500911962783,0.7198788776500892,0.6788517753476981,0.48840319553254075,0.4380576921042233,0.6155921765393536,0.15893325457569518,0.20867562876522683,0.5391949304731347,0.03397276286612472,0.6115267564760412,0.6429216582256603,0.0750646324209091,0.5734092756089143,0.3654732156046686,0.30573915545260666,0.0084002020397147,0.9528039238463383,0.29097488654669856,0.7004736381215837,0.3748226507727249,0.7474949785979262,0.0
0.623364707074387,0.1375677974893732,0.45868050403333005,0.4669511864174287,0.5472072206163602,0.2919348708494165,0.7338498871422691,0.5457499665656433,0.7263929203891172,0.12140009767831328,0.8506769108266525,0.9895640457979484,0.5850671983888722,0.769435486098598,0.19002861309956753,0.13552699235501653,0.6942222951489537,0.44886740037473694,0.38812433242409716,0.835769098592701,0.5689526021666703,0.9126999578684302,0.8976678952930974,0.458134857296453,0.3612846526576513,0.703811425355392,0.6833200928963368,0.5839351658699493,0.26828415165266595,0.903052731804874,1.0
0.3366561061839022,0.024287083775336504,0.7890706813271827,0.25027041268578265,0.9301871652328593,0.011659205473897538,0.16266161667321444,0.3100112572850725,0.702914142192943,0.5583352418067249,0.7613966606020248,0.964412815182569,0.8846453874998028,0.6139308984674591,0.7127724867341922,0.6537286481479195,0.9465604131968736,0.10534640495627756,0.24309704378034735,0.4038402483058565,0.7967569105292033,0.5116419144781509,0.4918172812541124,0.5052951105390072,0.070877083732662,0.641309880635166,0.6071208947953973,0.4380277004223009,0.06860922875894226,0.4446822109164408,1.0
0.6661988558467495,0.5437443897934157,0.9239875580335626,0.46162347118265223,0.269695927356717,0.7794509724209399,0.24391273618321352,0.8771786086018456,0.4000905206954134,0.2500675320749788,0.32654362875622356,0.34193777215454435,0.23312013238444063,0.21244771942026475,0.9803031274968333,0.8019801377045338,0.15674889025458838,0.018005904056700106,0.879586444716164,0.22431198135857133,0.34010724704058914,0.6501171380476152,0.6670749800208452,0.36210913635219566,0.812148258222351,0.6420489381277333,0.17992344101017888,0.33785617411245294,0.9258830264069902,0.617619351096929,1.0
0.5077717926482284,0.2041391575214313,0.9437072908557179,0.13270683463494215,0.5765367101175441,0.9188840088369579,0.7789855739449836,0.6738216512646465,0.4787468851977046,0.19328160973281117,0.6054326503514208,0.3880423715122807,0.07612506508472494,0.544733898797198,0.5768768133452361,0.3798032896389144,0.36307094309325627,0.7988003868163701,0.11014676652570699,0.757662673436447,0.982745795392918,0.7530023142994894,0.6325436840817208,0.971638472788206,0.7141381817201925,0.14434410153166066,0.6189374954938459,0.915137847105075,0.8865050773835594,0.14300502204629562,1.0
0.25191820104833795,0.7345022006285739,0.8734962286004848,0.5825674694116122,0.9640907327537279,0.09313153368990901,0.6947124435131297,0.4873756334912984,0.08527329327878086,0.6428606357958979,0.19760743357762034,0.2551471279530416,0.8889491380790607,0.4983634480375919,0.029741738635147064,0.17463693576615702,0.6561627812407426,0.04764315178073608,0.25354735445288856,0.5742461111335467,0.3906013766181916,0.45318841712450053,0.6671508272432336,0.30255427097893695,0.934929043708693,0.7134014290216834,0.06218948039164096,0.1695926354813876,0.6225300687046598,0.826611944534342,1.0
0.5565236420024211,0.3884585434559835,0.8542816503203189,0.7081651454375895,0.7814709501952126,0.06174132638699481,0.6243769796648688,0.5989106814511891,0.19051343261230824,0.5424212384160215,0.17280143595627329,0.38014065450766643,0.03730291823705545,0.6867319226010568,0.7561885799355652,0.8179223651073476,0.058320160394360165,0.6629910499392937,0.12378352959970707,0.6144055981468012,0.2124750722911949,0.6867620369681683,0.08069604471065239,0.04541869908910989,0.9388460941907626,0.9945599770363638,0.13554825874565168,0.5723591272961797,0.5206134505613693,0.34371622985226735,1.0
0.19959570711939545,0.748143632826328,0.6876952515738862,0.7724139149597651,0.23747835522807892,0.49368520935372906,0.4452910522836119,0.07114561329867652,0.5262819976145027,0.21684609478412287,0.1934844117870066,0.9772265204518219,0.0529642361968925,0.658797272155204,0.8928992062371685,0.23758267045654613,0.378125758750803,0.8903235443281446,0.4870787197742428,0.3666357925237427,0.9682876902185757,0.307934890071601,0.20359293821434077,0.9120215488274938,0.5625639569258578,0.49922952454531566,0.23333923728905837,0.4791487225613005,0.40293374107060853,0.6554422031031779,0.0
0.4631608850485869,0.6483350646660871,0.5166909300837611,0.26355457336177324,0.022722205019747088,0.6932302439090692,0.18619322157324036,0.47848018965618433,0.1577582038426465,0.971567444522331,0.975718028488976,0.17123311620864357,0.5356554156299865,0.4552462412363568,0.22836553938124238,0.9967849540503742,0.7731916737344201,0.7837885719432977,0.23855740135349202,0.9749692166150363,0.9280278148419113,0.08355488431536162,0.211267432702129,0.9757093995951663,0.1847707537788038,0.9543486140641007,0.9636125162056643,0.2142967785158818,0.8954393612923061,0.3431682414642785,0.0
0.9902039416789653,0.2209474068735766,0.0690459605964957,0.2617409066632599,0.03426813066158252,0.0088225605849237,0.47886343953620636,0.38398950949524113,0.030008984248950377,0.594539295657955,0.44853437364354476,0.5160648855798924,0.4128034856017124,0.055272825531148984,0.0225275602859335,0.050900735801472474,0.8332969818711539,0.4819460652683071,0.19636951467035113,0.3042586646913914,0.722012827112952,0.8180837338902851,0.8492803567607186,0.8981664049407665,0.6153254741629158,0.1037517524039745,0.4429680116998752,0.7328614612530434,0.9571972618944946,0.9240927135366159,1.0
0.1904530653153821,0.04939770268704913,0.5576178043092377,0.01252907078788612,0.8225787279842574,0.08986753075924625,0.31345803100047953,0.6748484915487121,0.3501023074437991,0.7044503984997024,0.19863777299047058,0.463389407973935,0.5411544118994714,0.8657089854659827,0.6131878146947031,0.5463013330015667,0.38326248274586094,0.7116789375332776,0.6299280429165385,0.4047535310684892,0.7137812180884062,0.18102746601233854,0.712620909191828,0.3462580733409183,0.11177409752309286,0.2637716698243072,0.674924814694282,0.3832694024663075,0.4028869854557605,0.3103107241609381,0.0
0.30540936353340364,0.47684896737106264,0.198266750024797,0.9175315897926924,0.7423656873861681,0.18925877745975217,0.9339664834416176,0.6591676678264587,0.9263645437876363,0.3504389474901912,0.10168417618827175,0.7850222967515621,0.7767446287893147,0.0260884368312142,0.8507495720503322,0.7365952561968316,0.0526305502023755,0.9093961731525921,0.4741479705744366,0.680507006380545,0.740357099018453,0.5047849383810631,0.9781398522187549,0.7757001467102463,0.6965519683846398,0.7227969537904585,0.08477691629425255,0.3779201251435168,0.8332508244727116,0.1900333290710815,0.0
0.6891733234677453,0.689851714812268,0.39301220843744644,0.8699844368833025,0.6121775085670008,0.27308886894460027,0.8991704532419581,0.7003025740065776,0.311173208893072,0.1009026507943167,0.2722610086711048,0.1219221121268409,0.3058253393740372,0.7279397269607895,0.44182288177396967,0.7890034275225832,0.6526452944546361,0.2691846013709005,0.5481686246888863,0.5399619421047702,0.42564778763097966,0.20590946688114065,0.5835176401879738,0.6190002789697946,0.6463074888425224,0.3974404561020972,0.3710927381578424,0.8409495931131046,0.6630145350697249,0.14487575645465078,1.0
0.41005338655235046,0.08668227064067957,0.5367198797439358,0.7786934811508961,0.7297949993341277,0.2892280484184345,0.28463021181512893,0.25771159367586505,0.3499332004546315,0.1539711429500954,0.9191492115730867,0.0507781337134211,0.45879208805615246,0.44918131925699845,0.36810361647369105,0.5054213078950097,0.15758383540562138,0.8446190707244572,0.3372332142259826,0.602371867240954,0.3405876111749381,0.9278233178278015,0.20983889109722553,0.3449617269649561,0.21431972454819714,0.30757323568414097,0.15306673448612051,0.3474145826351871,0.08427508232842285,0.38035252414524723,0.0
0.29961065018794664,0.4668387356431659,0.7369374911545259,0.6469701571788915,0.20140808578137304,0.08978619588331116,0.33852225785250667,0.3141686611953951,0.6108453437668883,0.7504496348434415,0.460165251159132,0.5689524914264181,0.329595489457312,0.18233216199706703,0.8249257450116927,0.5345142879961428,0.4853548329604308,0.006249943926384782,0.07974922855263356,0.46189006632834906,0.822914604573608,0.39113291278184315,0.6374043287557065,0.6883509701185776,0.016593255332160495,0.0144819691079906,0.12115290767959896,0.5785368114680263,0.22367355446851134,0.1450466533025645,0.0
0.3554822234443632,0.25108334624446527,0.9032150003095053,0.1870411858667197,0.9544323496475781,0.7529443487379649,0.2657046499421206,0.7236096935995803,0.5371924933086549,0.04865395421840135,0.4405092039226671,0.32997076584851537,0.474940378603137,0.28760051060376157,0.22730473177004507,0.3849689946519812,0.48253264857292666,0.8545516458737572,0.558154312465061,0.6914491779547975,0.9104527353168679,0.18059945716356174,0.35502578199699597,0.28695053171825036,0.4097223029563474,0.2252170788810628,0.3278581769736708,0.44551164603069104,0.10703728991634487,0.5423752747650529,1.0
0.8991116349222471,0.40487016444982915,0.1200135941873961,0.6192201782619723,0.5761424992474735,0.14472272583974277,0.571591125970513,0.19616789480472696,0.7771037331603924,0.7941826035751015,0.1995788016209209,0.21803654642441617,0.9431296021518601,0.7952305476544435,0.6652348656635452,0.8048786428775638,0.8564868730485434,0.8208692272379408,0.6093684774218668,0.3075636638560755,0.25640911478700235,0.3125483987348875,0.5618107901653246,0.5685121561855031,0.15659035859856052,0.766830165304438,0.7052981618021662,0.9273569613130621,0.9721558126730988,0.7955667938569536,0.0
0.5877931162606969,0.017140874310377363,0.5588893778416846,0.16151831876039957,0.4434468449893616,0.9068882435088764,0.9018404306311933,0.3260937278848506,0.12566091091589748,0.8085048556399032,0.9898729316364627,0.4040657759834865,0.45659068815712733,0.2212468286273468,0.7231578087722419,0.7805429657214106,0.254304389298183,0.058308164199704304,0.04689191857311781,0.7274706389780633,0.6543534160584406,0.35689071611506606,0.9477248716235862,0.2817200974588506,0.18360063282274908,0.18990957376852646,0.5339154021954707,0.525766318224253,0.6857374485399506,0.020811486270359003,1.0
0.4367498855225942,0.8542712461335679,0.3552317018252952,0.4566144519865768,0.1696992577468599,0.8880007974334061,0.1662954280660256,0.16251854441194646,0.4185526226525774,0.5503344986534343,0.06238836350573573,0.4934061361546924,0.4768432142451644,0.504036237165387,0.14395578494425798,0.1432816178064854,0.8385258556108638,0.7304624411836624,0.7344869701583291,0.03302393556839711,0.2362414464912106,0.23109953961343077,0.06655415709711476,0.6560290364087248,0.8943004455790943,0.3374553990235575,0.8980381208323385,0.4735714199830807,0.03950408495700508,0.21752199477668577,1.0
0.7516926554241153,0.8459143456506262,0.901412199439067,0.6226866676589915,0.9775529285719528,0.6449931110173229,0.6561755939744136,0.4692132884113318,0.8758246244833898,0.23515705485742855,0.39866413000969525,0.37073072915143823,0.1587342182570871,0.42380080607892123,0.02974864274917277,0.6675916510161507,0.9640477580725854,0.9417947827660775,0.520321845172653,0.8483970052158283,0.5984758788804196,0.868483523559887,0.3332391290865361,0.719802801391908,0.04260027779982367,0.9157803039388273,0.42815707597249086,0.5533941499145841,0.6379867408297145,0.735000900026324,1.0
0.9634008005197037,0.6831007503688956,0.5892307171272954,0.441952794152349,0.7078749705568778,0.5277141783317638,0.5048557016218428,0.5307411654780504,0.779820122205412,0.006560284626718538,0.515320377479861,0.4119249352998615,0.19928734733060782,0.5463988695810937,0.32333469708833473,0.8216184724503338,0.01918826455066902,0.37916350341111504,0.9820305972876995,0.4463932421006729,0.9124157416492052,0.42923704235273386,0.5958950149908182,0.9501898700048272,0.2832207987553692,0.21379919974562778,0.2223823248818806,0.5031462359677784,0.20952003526752616,0.24523123283602322,0.0
0.2979691899273721,0.12827801258827942,0.3491800599636349,0.26351861089004924,0.12261796681322157,0.662883699492201,0.679590157821738,0.14229274775162526,0.5374792483617243,0.283858438697155,0.5863502009101755,0.18126594413015884,0.3022868650213143,0.959591863799315,0.3223468364704951,0.25917372877484646,0.9403476418660646,0.30746438084310157,0.5209220009014982,0.11974112823999716,0.3209751599463465,0.6950612680669984,0.7841589740067266,0.6825545288200098,0.06472326214085133,0.12718461287276706,0.8632418658219753,0.9527386156716596,0.8868730682070003,0.3614260739408717,1.0
0.09534562686464898,0.35218619953300023,0.03846799627956177,0.13802452272719956,0.8892157220183993,0.5065061206459995,0.9218970668699787,0.43988574333660735,0.35610050745197475,0.6154070622493774,0.011754981278002896,0.09616700941534906,0.8915652649502684,0.3431374719022853,0.45919277449020557,0.8867869858195364,0.3152661850326277,0.14295034516311034,0.032743207943392916,0.895638328148581,0.0031793865947505884,0.8128420364982281,0.7983726978773462,0.07332186942079533,0.4601508630251775,0.7871933022535125,0.9059238431985152,0.056168251424070004,0.09253134876707925,0.2853836312786696,1.0
0.4809766242058271,0.5175449525043982,0.2885557853684605,0.20797638474126168,0.7014022377639413,0.4755327712803692,0.7803594839725796,0.3187034914953668,0.3245537737484502,0.1393102261384458,0.8601088409500612,0.43994464694213764,0.872473192834739,0.38195076769135894,0.844544599522757,0.44497890295859943,0.9368456158349807,0.06808640751307926,0.5633898819074065,0.6110847882421053,0.13350647018118855,0.7587208628595258,0.941335486888668,0.2575373121191179,0.994243726715181,0.31518463820523224,0.7145333328670227,0.6928406576582553,0.6020564730088408,0.23039343650476807,0.0
0.7660145997972244,0.6968628643735562,0.420134192456472,0.11235054571983027,0.19738507905342717,0.9204125960232215,0.33624832544377103,0.529090759616375,0.8046517759686461,0.8397747330728814,0.8680006557439454,0.3635045438009704,0.10893949530873226,0.8229635091911132,0.6958966308521034,0.2994860217247479,0.6709564934394808,0.3850268615760084,0.9141845501167841,0.8635000722940002,0.12660072569107828,0.196095927871899,0.6303408016785599,0.46608282575494064,0.5625893293152157,0.456446991223482,0.4613772150409634,0.6027831900773162,0.6606343739950095,0.0700003563848508,0.0
0.0472794722748463,0.36606431182228627,0.5211679088219449,0.14579287210976544,0.8271956913942308,0.9239395361309641,0.6677700805912706,0.7134622527367139,0.07560893813077041,0.5716220285400241,0.6575037483214783,0.5582236566269008,0.6283459626016019,0.42283762832416893,0.1297319540560914,0.48431937612708476,0.2696558407943995,0.137900370501,0.41116748462886277,0.8582751493708911,0.2481450121415243,0.9977246170792199,0.5976165550369535,0.12795858038849584,0.6981797257474878,0.37964430938036897,0.22132250732360537,0.3832404268180222,0.7432197707579181,0.4438456029035849,1.0
0.5121254938702647,0.31682766636311777,0.38471576070447433,0.17889821570530007,0.5166669003332595,0.7589157109206454,0.7355732704689117,0.062371535166072745,0.06513285325187823,0.7970702105299451,0.9743052215227733,0.5042781398976142,0.36996864287507203,0.9068467861954743,0.5387618278651339,0.9613958028171034,0.10483588914643815,0.1866258468312697,0.4822373268019774,0.7913722854119972,0.9385068469430702,0.7287594823302732,0.5687735729395841,0.6399551522960895,0.5429823690107002,0.5627603168153354,0.31782689922159535,0.4911167734648987,0.9840393915960005,0.890398671124521,1.0
0.2804134478696987,0.8852994655762265,0.2491207177257686,0.9357183031447756,0.5461892699131972,0.34130154666657,0.6273799262517041,0.24732532176986355,0.6387434015209515,0.5639920475653452,0.9188287757538917,0.445676220204151,0.7061484623586416,0.6267921030713635,0.5985572530302764,0.9604419080058261,0.8487501437326324,0.40413328700097484,0.5256410108044891,0.894674149850877,0.8930806414321907,0.4757084960363863,0.9365995948436641,0.4494430614147755,0.5448444177716488,0.5101795343808476,0.21109515488231445,0.34833761924952145,0.4612918268620918,0.4927231629226435,0.0
0.7311542630473761,0.5666495601474227,0.04622542720734868,0.8939539854538592,0.9018758959299236,0.7384803369723615,0.4027814691064585,0.3949691406968594,0.9396335936600586,0.7941990307950674,0.5229867221712216,0.9015545508500923,0.48750534125053024,0.8203675147835991,0.14707475266047387,0.575650786922914,0.013224468708061043,0.9870203189908814,0.463976079041458,0.622436380298298,0.7588517351895303,0.2106713032377593,0.5833531790343301,0.20438039333679003,0.40745976738183687,0.08459704822682423,0.7659080531932263,0.8276028793078459,0.01780766058055927,0.82376517092289,0.0
0.7161063047307052,0.937886574002294,0.6747969380022292,0.38531920156534016,0.9534744220496997,0.6230472497672017,0.29670430534886716,0.7585616558300442,0.2867544726924026,0.5964512106215032,0.288835400105266,0.8881837052541606,0.40641472954090485,0.03922748850799562,0.48227282713474817,0.43563206026679846,0.0694525247577813,0.5570167363141151,0.7909197296913336,0.8018859782417415,0.6489704689056528,0.35413606964181754,0.3926719294463523,0.5148422163024201,0.42670234789872474,0.07691308811995956,0.3478656278345481,0.1853362836686434,0.11571361751114251,0.12854167592301724,1.0
0.028527737485624538,0.4004027027282173,0.2995702820000694,0.6281046232958168,0.11638035617560227,0.5350598473841843,0.9993099656550318,0.16424265199616073,0.10352981260399485,0.34640341525682805,0.8411592244933205,0.6254705976206688,0.1593485910798612,0.8037490798431078,0.4801769260511335,0.054846109133825816,0.6442086760362663,0.8373642146845763,0.27384168541714604,0.01251633101530858,0.2434275542705413,0.3525593639491629,0.045094263791918054,0.5106091575969461,0.06430850772833197,0.5672848697022724,0.1471601809706775,0.9212944615129746,0.04427384387286315,0.21250893459416442,1.0
0.8522385251716706,0.10922904190308336,0.41320127746342705,0.5908083189599972,0.8152432011475812,0.695301126999835,0.9998981047878345,0.10735872660962009,0.4756693709765384,0.7136204910200875,0.8274216582500635,0.7386618848331187,0.024297379247897655,0.5373265066853379,0.8124832913618102,0.296797576753156,0.13330512901968716,0.5213789532737869,0.6881437528403735,0.5729430248853985,0.23860770715034785,0.0017880796450197023,0.7267280754316136,0.6922173903875364,0.8996320560922854,0.9923944420085208,0.23281949182090833,0.17842577884554978,0.3085088598705438,0.9406484758671111,0.0
0.16943781384299783,0.9733202056039423,0.6826435542119517,0.5184345798934452,0.6361949614511064,0.4462502283388571,0.8172474074495357,0.07872183204813077,0.8365520876853825,0.654717998515033,0.7893270516106278,0.369339392120841,0.8730075846880138,0.83126758151228,0.9165955915830353,0.5629818979818554,0.5290481320026389,0.08388646184988335,0.4942729046886002,0.6029314999175731,0.5742690020140975,0.12550016823676813,0.1864572199373994,0.2802335511202486,0.5263006000647833,0.13145207794489233,0.4002486932938045,0.13736341015913234,0.006669842947574112,0.6703311021940024,0.0
0.7771245281122237,0.49368798624574384,0.5605291785244563,0.7657200414423795,0.9901139086436358,0.1350817660857655,0.4272848026485051,0.22056776723041505,0.9942115960874913,0.41464971451115684,0.028071303823384963,0.6888675105870136,0.5263484266643405,0.4944461889203611,0.6824485427409861,0.3029063824370385,0.8556687829019292,0.5635970526018893,0.6194305764892571,0.6748996539957165,0.5174216743182107,0.23977491727899403,0.8078535822540037,0.11265519306590244,0.5609975225641826,0.5781503484514686,0.8444485801504487,0.7104568266535485,0.3910652691646751,0.06506164100498346,1.0
0.8392342473449549,0.6055264482290215,0.45706314294788775,0.16136221763912462,0.6942889832068069,0.7508935257106477,0.3344592554873028,0.8563994113428944,0.9651360524043462,0.18241528943592655,0.8138982595497525,0.012656150237386421,0.29397940795665156,0.7113538343697061,0.7161692638535513,0.2947421923905029,0.32557426253068267,0.9874450898193156,0.9658581217464989,0.6974946086431782,0.9617185261624818,0.5975427888228817,0.18534364556569782,0.22519732946211624,0.6454347703147064,0.6592599655310248,0.9167015541482267,0.7970012470272099,0.564334610045996,0.8493688033927578,0.0
0.4612289284603104,0.15157678474287573,0.37938910621506405,0.6824683262921708,0.9538852341232956,0.46976155983993706,0.8639346550382954,0.281514985195226,0.40740044535451725,0.8725045478569832,0.9721215139559926,0.6741627001213688,0.29434740944793814,0.4353475213796788,0.0010703322050029662,0.6486470715225964,0.16100208939728888,0.3919581381580801,0.750670722138732,0.9508880129464039,0.4676494728413151,0.411842759758585,0.36813468341538336,0.5341898962571263,0.9583161180541594,0.36439879190084157,0.2926472407058094,0.6823045046556787,0.7770409436027588,0.6542181064265069,0.0
0.48295967476810864,0.5874449619610616,0.1153188220547201,0.4694318639708487,0.32901771790736567,0.7306881340189529,0.627136116363642,0.24759032569668582,0.3366818718493707,0.6789960316359843,0.0037982185062035434,0.6419168086903155,0.07713771054483554,0.09716738574666683,0.6610552381047571,0.9084705655049892,0.9582271661064752,0.38640555314079905,0.9715341135495861,0.8228961689666677,0.888179338335176,0.3677596155044208,0.5169220851987097,0.18124135555985954,0.13297661055422605,0.7251939249907348,0.12143536747815908,0.7304338272228331,0.5593166543687363,0.5242740622017195,0.0
0.02551451074973654,0.7352532950040328,0.09622942725955097,0.33541659002166313,0.24953198338868576,0.22527899402852292,0.9511031327642553,0.33820307474392675,0.0751206859782706,0.788553466665881,0.7682189033112822,0.8916631249082663,0.6675018830503168,0.32762401866567803,0.3493912762719237,0.8975587310999054,0.8740078907390879,0.05834303508270611,0.9318976523539647,0.22560784272236067,0.10069388896639364,0.11405564251959255,0.2558640341345385,0.6117315697406182,0.950472737889491,0.979623072249784,0.14756692606248867,0.5869688785726609,0.6619244189488208,0.5646728570456404,1.0
0.7797394614291647,0.5890472611019755,0.17846535101946703,0.2542642238141606,0.3700716977741322,0.2535155255588354,0.8175636744707462,0.7006729631599391,0.37458029355297695,0.8683313203602968,0.45097607987180366,0.39235407289453805,0.7697130676444737,0.529080056454732,0.5880084110263689,0.6066497784733466,0.9843098558388448,0.7392050730516869,0.2871972848837141,0.4301785699390901,0.6389237644710833,0.36362683498053516,0.41283944616284707,0.35322985058760636,0.3020963989687626,0.5852058041379482,0.0281341725681592,0.7046152021625696,0.6577938001438489,0.9458070160337823,0.0
0.8434114274366017,0.1317416776745528,0.5264504570425133,0.1495724877545429,0.20962549985855694,0.11233172616200482,0.9532027698736161,0.44023055093852026,0.47735803898087326,0.638175707856896,0.6111268358073052,0.06430348042534051,0.08538314401964053,0.0717593499973046,0.11598738500698913,0.7104517248979006,0.36594796017551334,0.7082230445050265,0.14005480370693202,0.9080028481650858,0.5870633128321101,0.30079635406538996,0.553611630072359,0.8458909621037901,0.9828394404454867,0.7944475464251083,0.2786177458462419,0.5936505325348239,0.4674570359069704,0.8245952699484541,0.0
0.35889142959077946,0.7739992620002296,0.47933120871657364,0.8028339714148961,0.23117522745991703,0.4391341790032638,0.15558802634221647,0.5108908181322275,0.5406216289607337,0.33777317221480574,0.7400068060685382,0.4688590628961897,0.15257146465061755,0.3438618534897976,0.0699779646597819,0.10903566345144633,0.9481986680583703,0.8541645002106325,0.2081409778692873,0.006169325470643194,0.9640571183975294,0.011119051271029412,0.31999540610182475,0.8277342342126079,0.2156682345345683,0.6104584726783775,0.07330407272479411,0.5542230438579147,0.15324223269631687,0.9593256477634655,0.0
0.36697667476093454,0.1285109904498528,0.9050484272869697,0.4786984805037612,0.1720232118675038,0.3028793072017544,0.9092716742902622,0.5071562178551617,0.7147017751412142,0.5662464623274278,0.66717887573388,0.3933892357609592,0.12411450763545406,0.07540124709528917,0.6936441284829238,0.46726899310009007,0.26641271731791827,0.7649204474103274,0.02595540322371448,0.40604889877058514,0.6193460242740929,0.5646115363702582,0.755941306896587,0.8745511782730585,0.49578792246028613,0.9073542973485075,0.36912799753869463,0.09276880266405396,0.1266759176813803,0.2865618693119638,1.0
0.6102693442542856,0.801964960400612,0.511382908337769,0.6903290123093727,0.4989707942663917,0.9459152566066695,0.36280495842483407,0.44563717928534363,0.8366095260324595,0.2166188311549252,0.5402609957274676,0.2000398908249016,0.44087107114368695,0.04199679648868637,0.8505654959998304,0.13017561875574257,0.1313431345581828,0.08579965966119907,0.38571391550333123,0.6792656213250337,0.6861053519726855,0.31603880073335155,0.3678111803655748,0.21985636016415033,0.5172010387648339,0.30431639899055385,0.3343573343308217,0.7030420265627199,0.18488048023632075,0.4781423648616201,0.0
0.27040372407239466,0.164511856305109,0.5418799039662664,0.6359337314619334,0.023900229089938274,0.2941322102905174,0.8971415562864142,0.5069030943759036,0.04420107058801548,0.45478145608387854,0.2924730025883876,0.783844185205695,0.06801753022191293,0.5207607485272432,0.5248538919035193,0.5280060663994862,0.10751626389452096,0.6834917245524725,0.26629370761203053,0.04772025438186012,0.9732680624423702,0.3517657385506351,0.6941304127694935,0.871661572262736,0.007789463538360075,0.7621818307684071,0.8129745895045025,0.4851680787672532,0.7780456996890274,0.16913207070642422,0.0
0.6325064621122157,0.8125397886968664,0.3328264307005683,0.4492549890603542,0.08334311247710269,0.6760357116281018,0.5596690729642386,0.36529272718632777,0.7952241256351941,0.34229575079497376,0.8987727507414822,0.38985842118657243,0.6872114107632593,0.17888252814991068,0.33854612767914805,0.1286096883286122,0.08245613350766523,0.8624809705768972,0.24313751402143624,0.3809091926489425,0.7361866763922498,0.2665219699123381,0.6280685267136975,0.11925358530411945,0.8655850829081858,0.7697416934262933,0.2860954294612176,0.10647107427320623,0.21029995165142656,0.801295610959825,1.0
0.47130107472971716,0.5971128499088606,0.09084105635556683,0.3032082517569221,0.3610755573180737,0.947961244284906,0.4239938252683384,0.7617249972429976,0.42315401390140617,0.0461333164182578,0.9292776544035918,0.5339905071087669,0.4667761374748496,0.33928076899117277,0.9514588350380041,0.29993844717275764,0.8556823059854167,0.02324069908366888,0.7867417403148903,0.45381300108591793,0.4151693738224662,0.8348607851676788,0.6107626746578265,0.09105092365444656,0.6330922330217836,0.20545493275463533,0.4182815099330879,0.22765592208020813,0.9570983214008921,0.018908856900331172,1.0
0.2348465371466706,0.37943040993520494,0.21375124351619024,0.10423287710643636,0.7367320224217607,0.8470298619603738,0.8655327469651887,0.6506277088624883,0.7649096830820894,0.5528629675158528,0.9100872668669574,0.15417467118636807,0.06344749013831441,0.7550963214307305,0.24761183488479122,0.9554741064162887,0.6061255836700346,0.9536045547746139,0.8208997774988805,0.4333022169169528,0.9960993526592448,0.44723462993689134,0.39509944791999674,0.43295837953481053,0.7857504640811972,0.020974562953942733,0.7480335532843039,0.6049348270870664,0.32800154539507553,0.8286245836087955,0.0
0.5687729455109963,0.8566937234503758,0.2822150021158175,0.6194531311825876,0.524925934122303,0.26357928356234905,0.5755545305760001,0.043352328034417686,0.48042513503964035,0.4135116243829642,0.23471160323219575,0.6699480338821252,0.8537020099403619,0.26329131175051423,0.49753761635646165,0.8050915480740859,0.5783454355282382,0.8752486540834247,0.29479880448912,0.34295163848149735,0.22733477864788487,0.7706625543961112,0.8412580082537668,0.8678272250443575,0.5922290709542973,0.5212090466627631,0.8698826467157234,0.7735569976576392,0.6966616214009058,0.7541638599381435,1.0
0.4596663513150283,0.9573066494173319,0.987824418750912,0.16938888387416606,0.6112745121343196,0.35354133271811883,0.08126904546999214,0.07637564575905775,0.8155580894015964,0.9926672757346604,0.5473974733789022,0.20976402245571402,0.3804268803505113,0.9293638331694578,0.6900831949328736,0.5395000978191985,0.7317338203669942,0.3258825912140537,0.3776110336368399,0.26224124159389217,0.5312721656997287,0.4059479762818372,0.38728610428516286,0.9301328609598534,0.18627114500682485,0.8783212364753845,0.5385333062760836,0.6314420851499406,0.770683528341571,0.9428745549327069,1.0
0.7277442359949015,0.30890473770868243,0.49778458665330594,0.6550711926938796,0.5554408689867638,0.2097945339389703,0.22168691219080716,0.06997240517434722,0.8981865127213008,0.5368676171349687,0.6948484790263193,0.4369010693021711,0.3309939285242287,0.6456994677070924,0.7450009303221976,0.18451969812537905,0.35407694029449743,0.1532247798740506,0.006300671481810682,0.9867601054086973,0.6134546417779806,0.3252719656858919,0.6618769428296559,0.21743296153270042,0.08267780024560256,0.01065689766621658,0.24152446932631355,0.3178793968721523,0.26409218329530015,0.6065965238323888,1.0
0.2650544446579812,0.054934754702986144,0.6493085768419381,0.04602342227755696,0.06462069606519627,0.4381874528885289,0.3421292771360326,0.6372572263048114,0.7262711291216074,0.28139875629785815,0.6467938172980788,0.9218734076616986,0.7418791706885415,0.07087113029993486,0.2786760733064212,0.18888226974069422,0.04648132545346384,0.1377092689057594,0.43869022698660987,0.6465496011823544,0.4250296832646019,0.5963626093877322,0.29474083423899444,0.49937247918703953,0.3392021000017671,0.7435394770751181,0.7871463627906723,0.13093226645756972,0.1784569879788055,0.42387352498958253,0.0
0.9247540632721896,0.5877108827054711,0.905904188454739,0.8953826352933751,0.007313155578849817,0.6704400157198606,0.7908990605569022,0.23467260993771388,0.5431619495700174,0.8583406440987625,0.9238900065295735,0.9800430198282929,0.5957606640373161,0.2434256248061114,0.7785037051069832,0.4748824292918311,0.06680160370334465,0.5142822651831457,0.29290486201205546,0.010876974980229104,0.06335796381625047,0.9708653344509309,0.1192236049548544,0.17541581063058365,0.6492916238362315,0.6962262822061188,0.37667802397422967,0.3826050000345109,0.1286780507072185,0.09230386059646667,1.0
0.304731323170394,0.9062691591087321,0.7277531332491861,0.8537485941207333,0.462610129335861,0.6445953680310421,0.3825045654029451,0.8809791025408221,0.37623064064300293,0.1578284909074381,0.1893369096887706,0.5822858805666956,0.8311808741992508,0.7722501481630493,0.8905077487976873,0.2682038174640142,0.930487130759705,0.48169318591409205,0.16171213782905614,0.29010877241899724,0.12311612537560324,0.16613998896769977,0.7296656382297665,0.9208443104001056,0.1562339108365759,0.6744928564374735,0.2729409536582553,0.7367110263307303,0.8551986456917877,0.3959563738318602,0.0
0.6956290852932717,0.1926682055875779,0.30640336266404367,0.5983334850261841,0.04893931688825337,0.4922542344342479,0.23227122949852286,0.32670380910390695,0.41949395879755413,0.835557823647626,0.19788581375836956,0.30550506686250356,0.0009400529765120069,0.29909106492013604,0.5517101826952897,0.16992450786469715,0.4486645746963108,0.7096625550629183,0.0435543518105449,0.8932973296577108,0.27349636558250656,0.756907458971504,0.7518818335477673,0.502630898973771,0.04115911541698414,0.288773529118583,0.3920562986185452,0.5051675270331912,0.22252796904332495,0.7150657538066971,0.0
0.5853367988351226,0.20380547693239248,0.8776166093111081,0.5480790958562607,0.3419863335525666,0.6108220503345699,0.9139264882847892,0.5141935037396653,0.02391343764104925,0.3651531265842787,0.8451931953700796,0.8226686837351114,0.42662991351510915,0.618619680030399,0.6463885090410543,0.9836124687550356,0.4837630510437846,0.37362794173220937,0.3126113268302667,0.29325887398298134,0.2197805285016391,0.2649402166668774,0.8013111251817504,0.39838612582145694,0.8330263874561419,0.5144057708685238,0.350196672321045,0.8391779141441277,0.50714611306535,0.2766497704119508,0.0
0.09153652698255355,0.030154518882261172,0.45312497107477323,0.32591081559657575,0.36677034005330356,0.898670281822401,0.5722203255381111,0.5682193205731029,0.48095404589366775,0.21187497645157383,0.28980043908758657,0.7558761780384318,0.07072145934675556,0.9475895043325576,0.6644284558812752,0.6427999600296475,0.5466434871794033,0.1100307379130605,0.4374680536706411,0.9275655744343603,0.9649269666357428,0.3291299963072588,0.10259848761870716,0.47123724355301777,0.3057971892380369,0.5542948250388621,0.2866414402317643,0.6319619245263774,0.7164758044227829,0.4109088867387303,0.0
0.6415106865222012,0.5528043389398553,0.10820392857920613,0.27811275564377425,0.6444675747938826,0.08107055592391854,0.41848050405344195,0.918009629096351,0.013047419487083656,0.8998730762382796,0.7970345337900443,0.238995433327018,0.49647610931219954,0.8073500509522188,0.4382546199699492,0.6495213870391819,0.8195283944315745,0.46009607868928926,0.29516820282227485,0.7906805461518513,0.45705617353306105,0.2410390172427812,0.22799897396240276,0.3234812467373489,0.8961593217831364,0.23042302196370823,0.2508157716584245,0.7125388947973088,0.5053152778045613,0.15392271383154799,1.0
0.477632922997286,0.7328264046508157,0.6937865648412107,0.41319493012614594,0.7114899473450733,0.5042542149630831,0.9343410252811101,0.297660978945252,0.264586795938313,0.16126162799847854,0.7087685238048991,0.7272138712315697,0.15418600791763803,0.49373620062448687,0.9653813650304355,0.40779163007865005,0.6447187744676447,0.8878417115062947,0.1017683263502388,0.6808638564989008,0.23963254843360782,0.5403985386655547,0.3302721762215367,0.14785033438795592,0.7272566334794073,0.5754801631056489,0.4543655750547235,0.5512550406745005,0.7485980539022746,0.543759331146757,1.0
0.5729094629838141,0.5607748767690439,0.5687690788262115,0.45653982995233533,0.8047984167682258,0.23057340917959357,0.18805523167046445,0.07060273468630629,0.39407832665036624,0.8233447008011627,0.8084122845382514,0.6954260542923986,0.9398122680822012,0.5971934724229552,0.6063813428184835,0.32616614761730034,0.6051424965669333,0.673007468523647,0.5398560457681936,0.3043720856683777,0.8599082222855005,0.48485477880505845,0.9956118425047052,0.27220462046019844,0.47553942669042926,0.17319844418254693,0.1678736896168198,0.23494319866641866,0.27128441013247895,0.5591075707867273,1.0
0.3211619675699562,0.8075953380286821,0.917883912196407,0.1032865716233532,0.8182199521915567,0.11942911686192026,0.8710721735267641,0.6616465924338369,0.49574004337926036,0.5738594130640976,0.8131424059466983,0.9888053544109031,0.26224322355496166,0.2635040357803362,0.048996490337467336,0.7139401238879898,0.8635295793049206,0.5454430410573962,0.3594427346221708,0.4801494362589791,0.4389662891921978,0.027749401553422204,0.4863292441996089,0.015317969251509744,0.8847000674967127,0.3072161475981102,0.589088946697595,0.6140295909250703,0.07499533958909954,0.6822107617162468,0.0
0.06853753123395812,0.24362488567183616,0.0868912448657373,0.556604272985618,0.2292550145242639,0.02868728252384789,0.8855554806752054,0.6656939839203173,0.7087066715571146,0.14088955239131196,0.4283914601640164,0.6882285909625888,0.8093337588886189,0.22770343635517287,0.6233317487212269,0.23693394665919287,0.5328645193355283,0.07867213693033237,0.7020566134701162,0.5531197517072172,0.3196072665871761,0.7666653929757705,0.22322003453915862,0.0923143411450813,0.9006161870441697,0.5064368600997273,0.13245154011187188,0.9883898324234999,0.7876621616882815,0.46954243002235774,0.0
0.44067072411403696,0.32636764775886673,0.38320899450037527,0.3500708788083233,0.3022625708365466,0.08568678679034081,0.9973406342786043,0.33269626741911495,0.056525642144457655,0.004958308230474939,0.11863521029843449,0.6928854650052159,0.25027173237645806,0.3194820637826622,0.585816707800351,0.31094447200098363,0.3390156655272395,0.9575375788679575,0.5476599183279685,0.045784812523076535,0.9170585147057623,0.91712878567743,0.881748637721299,0.10963808876428116,0.14197289231411547,0.6098605894333525,0.8413041921796035,0.8774244073805756,0.10069297644395192,0.38129226886231726,0.0
0.7469393903582114,0.7337005205236278,0.5175201201845313,0.0007703571768643558,0.3691113053735191,0.01717641371911438,0.22687929737952028,0.8646511525526199,0.5350159577126617,0.265478318318218,0.18560084461347737,0.5922913621105114,0.42950551990878905,0.6563072966690261,0.35846216443460277,0.03686444192315619,0.8934878574179853,0.9490570820435924,0.2475160911206693,0.4278102102198824,0.0923933587224236,0.508963053575153,0.23219579409410018,0.020359912599318908,0.14497763810693542,0.9015811742666847,0.3588137314331614,0.8459369824231691,0.44804079991170154,0.19710760842246355,0.0
0.5850061159133636,0.05846210907074223,0.6719180481407256,0.9675279880442165,0.7050886249413412,0.4501918601247641,0.9414210137070295,0.6732723275682262,0.7177110277926995,0.7076070223142343,0.28231661073327485,0.810863507853624,0.6664281118478014,0.26326951772263996,0.6594300246245525,0.293406901075026,0.5106707072761978,0.3551540623739621,0.981162860203746,0.1548019175098101,0.5574403425931624,0.4808883557846051,0.8610048576444099,0.16909794319215077,0.7647762327254046,0.2931666413846292,0.5908834259643578,0.3988691344718932,0.4520921248736396,0.8933323996156135,1.0
0.12374115396015728,0.7990104367793047,0.24271443196625053,0.9669592434796537,0.7196947876726385,0.5161804606619339,0.735578578025621,0.7202144029833495,0.8622938807245883,0.40449042625170395,0.6429714795964208,0.48324079260957353,0.6461783749697998,0.7163848960223241,0.06419060726643222,0.21599679916534875,0.1736140895714533,0.3841922098289806,0.43897870031712105,0.39872524340711435,0.57083837506661,0.05118199323859085,0.38185439493439777,0.9088516284743264,0.20413919823690863,0.5922520701466079,0.14525436981729611,0.9142104593067423,0.40142418679816216,0.1361498851316999,0.0
0.08483967923638769,0.02652568500818364,0.024302740094186426,0.8535331195401399,0.21761717116069468,0.7100105501522617,0.9965440784888718,0.9285584219731707,0.5952678789414902,0.3403335170378239,0.4238422145493661,0.11562844691800989,0.8457027364246495,0.6515132316512535,0.0349625753147379,0.2499224312975895,0.2048221273420764,0.561924322508499,0.9626699359519688,0.8649280193102405,0.012048770321390845,0.8185552036334408,0.20543487545896133,0.4845833866633822,0.6216495478539644,0.8118038892650241,0.49149840149641655,0.7815643253977528,0.5633067887341651,0.23856011215448958,1.0
0.4612433873158357,0.5620304766596187,0.075149721092582,0.19004732084449794,0.21369097710388152,0.561250917353452,0.8275634885057285,0.04637113693685757,0.9521621627411172,0.6491777592915402,0.5448472535116018,0.5876143003992934,0.46280100055496975,0.7481772172151702,0.9621927218264014,0.9888952080315433,0.2934876477115067,0.629601642762533,0.7994979065598368,0.19373371823312757,0.6784535991875996,0.5341471206996335,0.7888990144442174,0.8643093273791381,0.701727969980557,0.1672983579433457,0.23807155239274647,0.11685171283660889,0.17256591997116855,0.4841955104436486,0.0
0.05695549056697147,0.9055973874859148,0.01612447025310082,0.4195589117674855,0.25945505327660034,0.7689364084477694,0.03816484650075058,0.8745874641485943,0.721631124392804,0.5789402775476545,0.3106528347377169,0.5342322111173936,0.07131295119660563,0.07369841762715168,0.4160666394549132,0.17760405052587303,0.41041474428609526,0.2245065776737546,0.38686445240742995,0.5590131521720725,0.4984503104184105,0.003559375888675609,0.6694849904157347,0.9702384197495241,0.8466949059493547,0.022193147290998527,0.2512909799165508,0.056731642184180475,0.7332778643132744,0.040343455261997896,0.0
0.46946823236038615,0.21380361810352377,0.8123240820905251,0.3588137247522192,0.006209772374298539,0.9249795802942232,0.28707019307492465,0.036429048334034375,0.126161537714514,0.843636651568411,0.8290233228005767,0.07089734011099247,0.13449157335772155,0.3841078208318617,0.5405817795653377,0.9147427264938247,0.07915578411765689,0.31453043086708987,0.840061412322163,0.39499025550350864,0.7992269790003489,0.2902850423410611,0.318563505191116,0.06737433586654107,0.2334710220090952,0.643815244942464,0.5557213312458137,0.9396326206848855,0.4812043413696149,0.05226172350043723,1.0
0.7274351892192569,0.4858724046837062,0.6415207123392932,0.15252241679198741,0.22671272171047452,0.4367623962724476,0.2959971018637022,0.25109474038916113,0.8162123908996303,0.7788798256723705,0.853870768262608,0.93454648524826,0.22242263397428064,0.9626983240361006,0.4355206444132328,0.9939900599709087,0.758390867080343,0.0863658516614828,0.9688436014174366,0.6424522366102775,0.26027527269687156,0.2808836739236251,0.7063041453025912,0.18576235145628184,0.8415503289188159,0.06125799661185005,0.9015371250564665,0.988925258779103,0.6099047335367797,0.16960714164538127,1.0
0.14722182100769166,0.2061013889449541,0.13513460132866684,0.16972431513688058,0.9911919730865066,0.7525266111630285,0.6146649619459676,0.5392210243610783,0.18167487753592693,0.5812249918209267,0.6614055600518658,0.8983235015246908,0.8117567072074159,0.2784900921529193,0.837201711773253,0.3441610930350111,0.021218595121484496,0.7942335399951345,0.620074532249732,0.5090245612460439,0.5796677847211935,0.03207287968430805,0.19864199450016296,0.9778569159649859,0.9376880719880829,0.6456675819860114,0.4148918659350037,0.7796314706325952,0.4161939112797324,0.9615401312337636,1.0
0.7762682225324583,0.5508048302415072,0.8303066130233538,0.44097019679070637,0.4231423357486338,0.3989786522684303,0.3719349610564454,0.4969683490701816,0.019468094938826508,0.3957670202235941,0.33709170090871454,0.3963242891167228,0.24053437077633189,0.23701438871736102,0.05719903669118043,0.9143065623229083,0.31083876061203064,0.31013311695743795,0.8529294666025901,0.41947967278691833,0.2133252705363312,0.8998824795560348,0.7147794961526824,0.15595147146611177,0.0669670603250887,0.7306879022896103,0.6201992078504717,0.8822985747595873,0.21080863953780815,0.18244344685361213,1.0
0.07888834639635856,0.10395311884007474,0.867613820408189,0.4480152698783265,0.4700034729126944,0.275624994761856,0.8932417870398307,0.353455723920427,0.017478817467124652,0.2560851051336325,0.2791774525383284,0.22697550268387534,0.012985511921554171,0.23721298117350675,0.14812067632156378,0.6615722002900154,0.5473490572307784,0.2914762122652155,0.7261388522632841,0.31368718889447456,0.7894508028932384,0.18583779960885027,0.8809371856432967,0.5413852488607818,0.14929474589844394,0.9561155432297623,0.790808943724678,0.06955068192059255,0.6110371030785547,0.5572406059265252,1.0
0.5318477764725954,0.8595786444209524,0.7094434522568627,0.45056394029883684,0.8305878695034373,0.6066216234088225,0.7015678393570487,0.36988424566940914,0.5679795491998713,0.9070908178230438,0.214945173844862,0.9055100258821895,0.1806516629064745,0.12401860637381745,0.4986227316594106,0.06906447588452735,0.14837712514633228,0.28267250788869536,0.18455809319580263,0.9051084708098197,0.7631199680970613,0.33593649923584956,0.06413292828770689,0.9334039492843832,0.13748277257426467,0.7745811364888212,0.872299416212221,0.15494458887263363,0.6738644467244369,0.08703106672879368,0.0
0.013486372145070424,0.2937431776356346,0.8574738937189524,0.3539040320332617,0.00988903021273857,0.9412818368737953,0.8192082411409597,0.3678151475875855,0.8531165998152663,0.21820466910255087,0.5865737190309857,0.8193994430377372,0.7025476546440261,0.11304293056250114,0.9688259415530649,0.3183149257119111,0.12747852816606187,0.8932151969848224,0.8067012107832974,0.7791046841016748,0.9893784639595394,0.35809514354783123,0.21637373411771943,0.41624903291791493,0.017309782673385676,0.5002984298522732,0.934659690534993,0.6449662840906493,0.061128724148844626,0.7998157228046794,0.0
0.22712268393673163,0.11629530128118182,0.23522990150536005,0.9089452529232946,0.5520580234110863,0.01888093630752752,0.4086870566486267,0.8516570856327248,0.5267168842933737,0.600097208229577,0.8163542287607799,0.960214731820233,0.5928630508623357,0.8829661868010774,0.5144272365750386,0.04628897984067604,0.16363597724143797,0.9121239331635734,0.6449316576561647,0.36172660763391484,0.22304809964601113,0.15166673767266503,0.2407595834451539,0.42918163401083553,0.6910555782876726,0.6522449289140624,0.5351784420099727,0.5571782978287892,0.14921725533855823,0.12335730243735121,0.0
0.1340614585410964,0.42720906585194984,0.3465102625771199,0.4943972188979582,0.16009930014779783,0.7636981610345045,0.8563916126729295,0.25176507471269205,0.8191264535573746,0.2860376357214094,0.025276879059055513,0.30055175510334065,0.1580142820602356,0.5836005804785234,0.11273299111819679,0.12185430642696216,0.03297132772443023,0.1543417689871449,0.4477292805191161,0.684646335409975,0.1711071680630789,0.8656389665615419,0.23968473224817777,0.6264818894266502,0.5684420957527013,0.2719176751861796,0.936930875806921,0.06918834790079076,0.2788354263844601,0.8881259802728616,1.0
0.8015454058802328,0.6499046161493415,0.7418539298501498,0.04926717305860595,0.5994759225397469,0.9604528344611278,0.6059590773324464,0.11335997086049643,0.9244047343214015,0.39584145352391364,0.5029416613825759,0.5714459661056561,0.11097826697507385,0.3827572268806434,0.23913111974004408,0.4143531912418933,0.8000415735306957,0.4720364719673801,0.6218171980542506,0.7930070775390876,0.668023685779039,0.43590501804269954,0.45503081778368937,0.06492364158986541,0.7744791178647833,0.08269545494164676,0.6420364295079252,0.9157121181720771,0.7093541805975218,0.2929153744403983,0.0
0.6233359032861298,0.6709394647381847,0.9582678656125777,0.45887203808375765,0.24086573553149637,0.17444941185386587,0.2480781241675588,0.05186065902694359,0.6207173103302882,0.6697166000545601,0.21272745840192586,0.6909799635288907,0.3663410457048403,0.23212326089998547,0.6403850978879542,0.4496703813854448,0.46826029381118106,0.1359540748286716,0.3173147477329131,0.7345463018564566,0.463068590484386,0.23103467349043894,0.5984404609713524,0.893753352230924,0.5782717525600648,0.48243564633795744,0.1978457163773858,0.08309795346456195,0.3166379410972696,0.8757747737628848,1.0
0.2781203530537012,0.1891562730161005,0.40134648338343715,0.7353479694301245,0.0021768423238570644,0.4597978764961914,0.8457265913573859,0.22070366812023323,0.2606270832977621,0.42149533258797456,0.09362714687904128,0.7982862163469211,0.6026998113208417,0.04444839994825511,0.10057010846973846,0.5970189974748927,0.7769459233072674,0.9362957545571704,0.6532087609844303,0.26511377179891205,0.12618459845153818,0.16256104623751588,0.9256448595313927,0.803692610567229,0.46952042307256947,0.8552983614898814,0.35837400414061416,0.24968511140288197,0.7774212738513824,0.4918668796433989,1.0
0.7165945162302576,0.408405842612096,0.7831094757439528,0.0015979495910227737,0.8162276484544954,0.41557817176821454,0.23909411576596473,0.47930593296376256,0.9441305779432275,0.2553738389404383,0.5753884401411641,0.6177953710513546,0.21465443033415,0.5052933742381994,0.5264522502136947,0.941493556283448,0.5295859964234805,0.775483945206619,0.5611646619509155,0.21715608490510252,0.7853662199515892,0.269084503278625,0.32185633898273747,0.5204100752611951,0.5544408193006847,0.16878646865978353,0.07102370929448953,0.8313224522165134,0.6004275401190803,0.13110833933237587,1.0
0.848353802621769,0.19880428213077528,0.5577333181074012,0.2505929515364633,0.4273080760500403,0.8379901932254825,0.12805082038071003,0.5833118387994736,0.789465377805734,0.7459002789700097,0.3784534981088725,0.06495194847533048,0.005441178446343176,0.9996824273959071,0.5280346803888246,0.7480011228781086,0.44582486103689567,0.007952871033134912,0.36647365860230297,0.8054615833781563,0.5932084462484725,0.7691672911435449,0.18739872434980664,0.5117352922022782,0.19221922211114018,0.025596799837900308,0.007691456603354352,0.38632741154447403,0.1683486480857621,0.9768219261914589,1.0
0.4885459436438,0.6202193120789381,0.8692593290464454,0.5354231180869671,0.24905535879533813,0.8545002504112124,0.8831375372811401,0.6167437705867628,0.8349368666180336,0.024417630159913828,0.5674231377221651,0.5083929887558667,0.08081542458898339,0.7992563300092724,0.014760568807525631,0.6820274518672752,0.731971689497416,0.9592100670207038,0.1942469407513755,0.9310002615505268,0.005857502632139244,0.3076113602249554,0.5153019302098331,0.5868616040544014,0.6770248917609555,0.3329827778575877,0.6432213514087877,0.9607356952200071,0.3899265164888164,0.7073049979857919,0.0
0.29240600288110863,0.5659166143134107,0.24050189855802284,0.5796255826853742,0.9772595294747461,0.598581984383918,0.15920155448971507,0.20913646277447706,0.29258077909785696,0.5063878782650028,0.47813092365229204,0.8584611806216476,0.6567024997563434,0.8349416376837467,0.7336270080890335,0.6559320443462716,0.00011949410267864113,0.3359543516701019,0.8303749221849553,0.3424015433028781,0.4488200512747521,0.6936240205097035,0.2949903979680347,0.8796128119185016,0.9210070032106665,0.25737479643148187,0.34172439566825774,0.3729206651284658,0.05672565747594449,0.8478214181298332,1.0
0.8581340199837257,0.27829301488799796,0.9351288278746751,0.06258585646860804,0.8330902516938524,0.15551734514446058,0.05238265499789452,0.3498949073616324,0.3635756290914397,0.29321635115311273,0.3440887201542183,0.2823578813462507,0.9335560721580383,0.6989435704163728,0.9695236638821249,0.5994200431170148,0.7445370414649912,0.05353794883380214,0.4653892348942895,0.35849456261506896,0.285325481226561,0.7930808971367006,0.8850543872390408,0.3531913352088889,0.07613905788448205,0.33170370089637446,0.981431182599377,0.5392908921071301,0.6963055122087108,0.3408996679365057,1.0
0.34409859234809825,0.6238104821043046,0.0012505931364071854,0.7421596173227207,0.02439543317341486,0.22940014366539951,0.17914055227274994,0.8314053476533874,0.31394221355411134,0.7498381508698527,0.5331875946649965,0.025841680023111824,0.4771526965169369,0.7522689369270666,0.5681804722527861,0.03268448640664323,0.9204679716294347,0.5165466039624274,0.3506533086560374,0.7899100674738925,0.281659692366099,0.20421668509729551,0.27938476579564997,0.7727267227062715,0.011695055486993455,0.4548506928315459,0.48857857483967415,0.7681442531872105,0.5577251032849424,0.6519738671615214,1.0
0.08800380508162386,0.9156926867308766,0.21759470505778433,0.758887171305264,0.8670028280471476,0.07690788629860701,0.5006882626745769,0.5124185946878967,0.5613937864945603,0.7393285547395486,0.09711798401637806,0.11968728940895679,0.6071495693236616,0.7701078894300699,0.5614239093439136,0.6892586870650433,0.3916247950156658,0.16848578170620654,0.18964559621711485,0.5831665119673703,0.9989351747386335,0.5685804134718135,0.2554830217234577,0.8641701249277294,0.9685438601151319,0.7772293870665052,0.9193763829674776,0.16238986808199285,0.8779521514146356,0.9230544789691812,0.0
0.7241500874054794,0.6080463501922517,0.9298635500417943,0.5089179991339817,0.18051648636968443,0.5899679938882645,0.4716034118979108,0.9951558379627433,0.06203952843637439,0.7942772276139218,0.4909415205493758,0.685873338028829,0.20633029095122202,0.6496819471195867,0.11189495016612694,0.747364862777933,0.7851721442827847,0.6274485704195696,0.11409097334747487,0.3078495086508689,0.8907036870246484,0.8277627033821642,0.1929819693999809,0.7845273905703999,0.07508255266920383,0.5916582877620064,0.856515606182724,0.36610385218453767,0.7684454550209107,0.05767486420728818,0.0
0.8096623946221014,0.14778247359084962,0.40451887953531873,0.4365615064556505,0.08908372238800455,0.7146843140070067,0.9378739474189985,0.800671036922329,0.44563660854174003,0.4651797638826527,0.16937907983687905,0.9643688292271521,0.4516613945433945,0.5700904887144198,0.5322692008374997,0.5377928709799644,0.6475835346152623,0.5770201122900903,0.11214154812921462,0.5597296041647533,0.17083334437889375,0.6623865827551766,0.7917745325090689,0.4883835061827776,0.9105197644712661,0.03750713617959056,0.7038243601266744,0.04146498652293351,0.2797197315198747,0.18897052134659775,0.0
0.912124387388029,0.0368411592125415,0.2220736544098928,0.9604993891651085,0.5773101723167675,0.31524172681657725,0.8477441641681885,0.31668278333694466,0.23787910994117256,0.13187666122369335,0.06790528238743643,0.892538949781868,0.5022198039682025,0.9514236407844829,0.8970098428349803,0.6484886361933946,0.6038675508973809,0.8053682451406738,0.9644342881146634,0.5696171313136015,0.8910256716679428,0.25657031817862186,0.8943530568596397,0.9096429462952085,0.3946007046118222,0.13887290772552252,0.6041136852731229,0.2636053860256603,0.9703748088973227,0.2243627078317053,0.0
0.03701078761351406,0.3354808741193833,0.9409584094467195,0.586802208049793,0.4366979961327936,0.2416919697001807,0.7228786584051984,0.31747778052879083,0.6089848209491101,0.39171317106235715,0.14243295482699236,0.3042671279623156,0.6934022990425716,0.9134475901107721,0.45435129918356776,0.3341475737653128,0.48725244476591023,0.3611825656190827,0.8488393472792682,0.31022059563123106,0.15636707737989375,0.9238675392961014,0.16706522573165816,0.384027963830336,0.6994973334292968,0.11164951213805985,0.09537930905374004,0.1944571590369608,0.33777365443088025,0.4286988730567154,1.0
0.8653447122610278,0.6875680373915362,0.627970145612836,0.4074661530750502,0.12792465626094052,0.22662092765849107,0.28270189438260485,0.09455092817159805,0.09772173971053544,0.3284961885006924,0.6131057109306033,0.4042086926762336,0.4304980620476476,0.8435713352128658,0.447014343964511,0.05155601360870832,0.76025587081303,0.5918714536420911,0.929470441086174,0.6048210237129381,0.7200952807527068,0.7848755982587483,0.015009331876673082,0.016476190305164562,0.8671748094937958,0.6762598885625168,0.7891848319944441,0.3649396376750429,0.3485110908459651,0.1756851850386668,0.0
0.5135870782933111,0.8671379880954806,0.8664346049438137,0.9167877072871227,0.6227364999631286,0.6326325433832507,0.6165673414421071,0.25634227542972443,0.771174074302387,0.8152448013833218,0.407929740935162,0.33150386232618034,0.48410079653526006,0.22045895350373124,0.3601972822236771,0.04014322196139952,0.09720500415827416,0.7544148494392772,0.7103007992299835,0.6124618176024265,0.014068611692266142,0.44336673411954175,0.9986874968493266,0.8267037240560908,0.23390800894106567,0.28526608785736896,0.9412419456920994,0.35549683655924047,0.0053682618312571595,0.39950901932686367,0.0
0.3969231003810241,0.21481947473838192,0.6795582748603892,0.44817617524609776,0.7105090891518633,0.5903015752842484,0.8625333579231476,0.8939155332128926,0.7631645987798479,0.26377611440858195,0.11242777294435213,0.7051865607875887,0.5228276646967135,0.4101244909091867,0.5906985724053082,0.9120991524361444,0.689996019368932,0.4948567308542722,0.7409933135355782,0.09733989167302326,0.8011763157677233,0.9724928257995252,0.7404485289169783,0.8420119254128575,0.2159979348587303,0.10799774408657326,0.9207899319180717,0.7017183647425645,0.21483606815358525,0.46200922360345764,0.0
0.05796480066028031,0.3718681806988663,0.8734019634019746,0.5080567148028206,0.4114734144860136,0.9878904937748838,0.4955785025742677,0.2010189742841093,0.7618437889997038,0.8435312574327134,0.09516719340918856,0.04041798543566966,0.5619165999265598,0.7434560541560763,0.9454942075292949,0.835193055082332,0.4705218506610467,0.7332897425962048,0.37875317599521097,0.06571775438519767,0.9371327983518385,0.45686023179060264,0.012755406961338034,0.033602068290313536,0.39332717415336427,0.28425682972777655,0.22112957745934325,0.7719000241779662,0.182204474441782,0.8590366415933338,0.0
